# global_s, z_scores, p_values
0.067689,-3.040898,0.001179
0.066328,-3.884944,0.000051
0.066600,-2.835247,0.002290
0.060990,-5.250174,0.000000
0.070772,-0.533577,0.296817
0.070803,-0.557349,0.288645
0.068029,-2.286189,0.011122
0.068379,-1.987225,0.023449
0.069458,-1.884107,0.029775
0.068537,-2.359754,0.009144
0.066403,-3.179280,0.000738
0.062334,-4.702227,0.000001
